{
  "eval_loss": 0.01041449790297476,
  "eval_perplexity": 1.0104689175399213,
  "epoch": 2,
  "step": 7936
}
