{
  "eval_loss": 0.017504236349773956,
  "eval_perplexity": 1.0176583332982803,
  "epoch": 1,
  "step": 49
}
