{
  "step": 11000,
  "epoch": 3,
  "train_loss": 0.0006032239543856122,
  "learning_rate": 2.2708914197376776e-05,
  "grad_norm": 0.02927793189883232,
  "eval": null,
  "train_tokens_seen": 81170055,
  "target_tokens_seen": 9766244
}
